AñoMes;Cobre (US$/TM);Oro (US$/onza troy);Plata (US$/onza troy);Zinc (US$/TM);Plomo (US$/TM)
1960M01;715;35;0.9;261;206
1960M02;728;35;0.9;245;204
1960M03;685;35;0.9;249;210
1960M04;723;35;0.9;255;214
1960M05;685;35;0.9;254;213
1960M06;692;35;0.9;250;202
1960M07;702;35;0.9;249;196
1960M08;676;35;0.9;241;195
1960M09;647;35;0.9;240;193
1960M10;613;35;0.9;242;185
1960M11;642;35;0.9;241;188
1960M12;637;35;0.9;228;179
1961M01;607;35;0.9;218;176
1961M02;617;35;0.9;228;180
1961M03;621;35;0.9;233;182
1961M04;632;35;0.9;231;185
1961M05;668;35;0.9;227;184
1961M06;652;35;0.9;218;178
1961M07;633;35;0.9;215;179
1961M08;636;35;0.9;211;178
1961M09;633;35;0.9;204;176
1961M10;630;35;0.9;198;173
1961M11;632;35;0.9;192;166
1961M12;635;35;1.0;197;167
1962M01;635;35;1.0;194;163
1962M02;648;35;1.0;190;162
1962M03;648;35;1.0;191;167
1962M04;646;35;1.0;191;167
1962M05;646;35;1.0;189;165
1962M06;646;35;1.0;185;159
1962M07;646;35;1.0;182;148
1962M08;646;35;1.1;178;141
1962M09;646;35;1.2;177;143
1962M10;646;35;1.2;182;146
1962M11;646;35;1.2;189;150
1962M12;646;35;1.2;185;153
1963M01;646;35;1.2;186;149
1963M02;646;35;1.3;192;151
1963M03;646;35;1.3;198;154
1963M04;646;35;1.3;204;159
1963M05;646;35;1.3;209;167
1963M06;646;35;1.3;209;179
1963M07;646;35;1.3;205;180
1963M08;646;35;1.3;210;185
1963M09;646;35;1.3;211;187
1963M10;646;35;1.3;221;192
1963M11;646;35;1.3;232;191
1963M12;650;35;1.3;261;205
1964M01;656;35;1.3;264;218
1964M02;694;35;1.3;271;223
1964M03;745;35;1.3;277;224
1964M04;862;35;1.3;299;227
1964M05;828;35;1.3;343;244
1964M06;808;35;1.3;357;246
1964M07;855;35;1.3;385;271
1964M08;999;35;1.3;345;301
1964M09;1162;35;1.3;355;301
1964M10;1358;35;1.3;334;332
1964M11;1400;35;1.3;345;365
1964M12;1269;35;1.3;343;384
1965M01;1001;35;1.3;322;348
1965M02;1180;35;1.3;320;390
1965M03;1237;35;1.3;316;395
1965M04;1348;35;1.3;316;353
1965M05;1379;35;1.3;323;302
1965M06;1309;35;1.3;314;279
1965M07;1134;35;1.3;310;272
1965M08;1210;35;1.3;304;272
1965M09;1328;35;1.3;300;289
1965M10;1402;35;1.3;308;307
1965M11;1469;35;1.3;299;299
1965M12;1518;35;1.3;303;301
1966M01;1679;35;1.3;303;301
1966M02;1874;35;1.3;300;292
1966M03;1875;35;1.3;301;293
1966M04;1907;35;1.3;279;280
1966M05;1664;35;1.3;270;262
1966M06;1696;35;1.3;272;259
1966M07;1568;35;1.3;265;263
1966M08;1195;35;1.3;265;243
1966M09;1128;35;1.3;271;254
1966M10;1275;35;1.3;276;234
1966M11;1302;35;1.3;288;223
1966M12;1215;35;1.3;286;224
1967M01;1244;35;1.3;280;220
1967M02;1220;35;1.3;282;222
1967M03;1098;35;1.3;279;228
1967M04;995;35;1.3;272;227
1967M05;1036;35;1.3;275;226
1967M06;1015;35;1.3;274;228
1967M07;997;35;1.6;267;231
1967M08;1045;35;1.7;269;232
1967M09;1060;35;1.7;265;227
1967M10;1138;35;1.8;264;226
1967M11;1444;35;2.0;287;242
1967M12;1324;35;2.1;266;222
1968M01;1409;36;2.0;263;218
1968M02;1720;36;1.9;260;228
1968M03;1701;37;2.2;258;234
1968M04;1255;38;2.2;258;235
1968M05;1097;41;2.4;262;238
1968M06;1137;41;2.5;262;239
1968M07;1054;39;2.3;266;247
1968M08;1056;39;2.2;269;250
1968M09;1110;40;2.2;263;252
1968M10;1080;39;2.0;262;248
1968M11;1100;40;2.0;264;249
1968M12;1185;41;2.0;269;250
1969M01;1256;42;2.0;269;254
1969M02;1285;43;1.8;267;258
1969M03;1278;43;1.8;272;261
1969M04;1388;43;1.8;273;268
1969M05;1392;43;1.8;279;278
1969M06;1483;41;1.6;281;286
1969M07;1454;42;1.6;284;311
1969M08;1607;41;1.7;294;316
1969M09;1579;41;1.8;299;303
1969M10;1554;40;1.9;299;294
1969M11;1631;37;1.9;310;316
1969M12;1700;35;1.8;310;334
1970M01;1626;35;1.9;302;325
1970M02;1657;35;1.9;298;341
1970M03;1754;35;1.9;296;336
1970M04;1742;36;1.9;293;321
1970M05;1598;36;1.7;292;292
1970M06;1458;35;1.6;293;308
1970M07;1367;35;1.7;298;301
1970M08;1267;35;1.8;298;285
1970M09;1247;36;1.8;300;285
1970M10;1142;38;1.7;297;285
1970M11;1085;37;1.8;293;280
1970M12;1046;37;1.6;289;277
1971M01;1010;38;1.6;285;263
1971M02;1020;39;1.6;272;266
1971M03;1144;39;1.7;284;267
1971M04;1252;39;1.7;284;268
1971M05;1114;41;1.7;288;265
1971M06;1074;40;1.6;309;273
1971M07;1115;41;1.6;318;262
1971M08;1098;43;1.6;323;258
1971M09;1056;42;1.4;311;239
1971M10;1041;43;1.3;337;230
1971M11;1014;43;1.3;344;222
1971M12;1038;43;1.4;359;231
1972M01;1078;46;1.5;380;252
1972M02;1112;48;1.5;390;294
1972M03;1108;48;1.5;397;321
1972M04;1133;49;1.6;395;316
1972M05;1106;55;1.6;386;318
1972M06;1063;62;1.6;371;312
1972M07;1035;66;1.7;364;304
1972M08;1047;67;1.8;364;298
1972M09;1061;65;1.8;368;302
1972M10;918;65;1.8;364;297
1972M11;1007;63;1.8;379;298
1972M12;1024;64;2.0;375;308
1973M01;1119;65;2.0;387;318
1973M02;1244;74;2.2;422;340
1973M03;1510;84;2.3;474;372
1973M04;1588;91;2.2;513;387
1973M05;1552;102;2.4;549;396
1973M06;1749;120;2.6;656;425
1973M07;2021;120;2.7;842;470
1973M08;2123;107;2.6;914;448
1973M09;1936;103;2.7;976;445
1973M10;2065;100;2.9;1163;472
1973M11;2273;95;2.9;1625;490
1973M12;2244;107;3.1;1623;594
1974M01;2032;129;3.6;1330;566
1974M02;2292;150;5.4;1516;649
1974M03;2743;168;5.3;1630;708
1974M04;3032;172;5.0;1743;702
1974M05;2876;163;5.4;1782;669
1974M06;2440;154;4.9;1410;570
1974M07;1919;143;4.4;1097;549
1974M08;1803;155;4.4;1066;550
1974M09;1461;152;4.0;911;539
1974M10;1399;159;4.8;825;537
1974M11;1417;182;4.7;794;534
1974M12;1289;184;4.4;771;534
1975M01;1211;176;4.2;799;538
1975M02;1267;180;4.4;794;541
1975M03;1344;178;4.3;803;543
1975M04;1329;170;4.2;783;480
1975M05;1254;167;4.5;747;357
1975M06;1193;164;4.5;751;353
1975M07;1222;165;4.7;707;359
1975M08;1277;163;4.9;737;384
1975M09;1210;144;4.5;724;370
1975M10;1179;143;4.3;706;345
1975M11;1180;142;4.3;705;337
1975M12;1151;139;4.1;686;333
1976M01;1193;131;4.1;692;337
1976M02;1219;131;4.1;690;348
1976M03;1329;133;4.2;728;384
1976M04;1510;128;4.4;789;454
1976M05;1512;127;4.5;774;483
1976M06;1550;126;4.8;750;476
1976M07;1647;118;4.8;776;509
1976M08;1539;110;4.3;741;483
1976M09;1459;114;4.3;712;481
1976M10;1285;116;4.2;639;465
1976M11;1279;130;4.4;604;459
1976M12;1287;134;4.4;642;478
1977M01;1396;132;4.4;692;560
1977M02;1426;136;4.5;703;648
1977M03;1515;148;4.9;719;703
1977M04;1429;149;4.8;655;648
1977M05;1371;147;4.7;611;661
1977M06;1312;141;4.5;542;567
1977M07;1248;143;4.5;542;562
1977M08;1160;145;4.5;520;551
1977M09;1195;150;4.5;518;582
1977M10;1210;159;4.8;511;615
1977M11;1182;162;4.8;525;633
1977M12;1261;160;4.7;538;686
1978M01;1261;173;4.9;518;664
1978M02;1217;178;5.0;478;582
1978M03;1254;184;5.3;507;582
1978M04;1285;175;5.2;553;573
1978M05;1303;176;5.1;562;545
1978M06;1333;184;5.3;578;570
1978M07;1337;189;5.4;584;582
1978M08;1426;206;5.5;618;639
1978M09;1442;212;5.6;634;693
1978M10;1506;227;5.9;713;830
1978M11;1481;206;5.9;695;824
1978M12;1533;208;5.9;687;859
1979M01;1659;227;6.2;720;992
1979M02;1944;246;7.3;793;1055
1979M03;2050;242;7.4;795;1177
1979M04;2100;239;7.4;789;1161
1979M05;1926;258;8.4;778;1239
1979M06;1878;279;8.6;754;1382
1979M07;1814;295;9.1;722;1272
1979M08;1976;301;9.3;665;1213
1979M09;2096;355;13.8;724;1231
1979M10;2076;392;16.6;707;1319
1979M11;2090;392;16.7;702;1225
1979M12;2214;455;22.5;751;1233
1980M01;2601;675;38.9;774;1118
1980M02;2918;665;35.2;870;1168
1980M03;2306;554;24.7;743;1121
1980M04;2070;517;14.9;708;969
1980M05;2037;514;12.7;692;772
1980M06;2006;601;15.8;678;739
1980M07;2176;643;16.3;714;811
1980M08;2082;627;15.9;769;853
1980M09;2060;674;19.9;796;883
1980M10;2040;661;20.2;805;879
1980M11;2010;625;18.6;802;813
1980M12;1879;538;16.5;784;743
1981M01;1869;557;14.8;777;705
1981M02;1801;500;13.1;731;689
1981M03;1818;499;12.3;751;730
1981M04;1821;496;11.5;824;759
1981M05;1742;480;10.9;851;697
1981M06;1700;461;10.0;840;712
1981M07;1682;409;8.6;865;784
1981M08;1787;410;8.9;955;824
1981M09;1710;444;10.1;939;764
1981M10;1666;438;9.2;892;717
1981M11;1651;413;8.5;877;666
1981M12;1655;410;8.4;846;674
1982M01;1611;384;8.0;819;648
1982M02;1598;374;8.3;823;618
1982M03;1510;330;7.2;790;613
1982M04;1522;350;7.3;743;575
1982M05;1528;334;6.7;750;575
1982M06;1300;315;5.6;692;521
1982M07;1441;339;6.5;727;552
1982M08;1452;364;7.1;716;523
1982M09;1427;437;8.8;750;515
1982M10;1461;422;9.4;751;497
1982M11;1444;415;9.8;710;462
1982M12;1473;445;10.6;669;448
1983M01;1572;481;12.3;699;475
1983M02;1647;491;14.0;681;455
1983M03;1598;420;10.6;678;443
1983M04;1675;433;11.6;698;458
1983M05;1766;438;12.9;736;433
1983M06;1701;413;11.7;718;408
1983M07;1704;403;12.0;740;403
1983M08;1640;416;12.1;809;398
1983M09;1561;412;12.0;838;405
1983M10;1435;394;9.9;859;419
1983M11;1389;382;8.8;859;405
1983M12;1415;388;9.1;857;402
1984M01;1376;371;8.3;958;398
1984M02;1430;386;9.1;998;405
1984M03;1501;394;9.6;1041;460
1984M04;1533;381;9.2;1004;482
1984M05;1421;377;9.0;1001;453
1984M06;1367;378;8.8;942;484
1984M07;1331;348;7.5;854;494
1984M08;1338;348;7.6;834;467
1984M09;1294;340;7.3;873;402
1984M10;1273;341;7.3;844;412
1984M11;1345;342;7.5;855;441
1984M12;1321;320;6.6;860;416
1985M01;1359;303;6.1;867;421
1985M02;1389;299;6.1;887;368
1985M03;1390;314;6.0;921;352
1985M04;1502;327;6.4;931;390
1985M05;1531;316;6.3;881;376
1985M06;1432;317;6.2;808;389
1985M07;1475;317;6.0;767;403
1985M08;1420;330;6.2;735;414
1985M09;1366;323;6.1;690;400
1985M10;1385;326;6.2;632;393
1985M11;1370;322;6.1;598;394
1985M12;1391;322;5.9;685;390
1986M01;1418;347;6.0;644;368
1986M02;1406;339;5.9;609;367
1986M03;1445;346;5.6;626;367
1986M04;1435;340;5.2;660;370
1986M05;1419;342;5.1;707;377
1986M06;1413;343;5.1;804;418
1986M07;1344;348;5.0;807;380
1986M08;1303;377;5.2;816;392
1986M09;1347;418;5.6;871;407
1986M10;1317;424;5.6;886;435
1986M11;1303;398;5.6;820;473
1986M12;1336;391;5.4;798;518
1987M01;1346;408;5.5;760;464
1987M02;1380;401;5.5;740;460
1987M03;1466;409;5.7;732;487
1987M04;1484;438;7.3;762;556
1987M05;1520;460;8.5;839;693
1987M06;1572;450;7.4;878;629
1987M07;1695;451;7.6;830;664
1987M08;1756;461;7.8;804;659
1987M09;1811;460;7.6;757;647
1987M10;1967;465;7.6;770;601
1987M11;2524;468;6.8;848;642
1987M12;2869;486;6.8;866;659
1988M01;2663;477;6.7;879;667
1988M02;2330;442;6.3;876;656
1988M03;2359;444;6.4;982;649
1988M04;2286;452;6.5;1069;649
1988M05;2448;451;6.5;1177;668
1988M06;2540;451;7.0;1365;678
1988M07;2214;438;7.0;1237;619
1988M08;2201;431;6.7;1309;602
1988M09;2436;413;6.4;1330;610
1988M10;2940;407;6.3;1520;655
1988M11;3305;420;6.3;1559;691
1988M12;3499;419;6.1;1594;731
1989M01;3394;404;6.0;1734;676
1989M02;3097;388;5.9;1932;622
1989M03;3264;390;6.0;1962;589
1989M04;3118;384;5.8;1656;608
1989M05;2739;371;5.5;1628;643
1989M06;2546;368;5.3;1539;666
1989M07;2505;375;5.2;1617;692
1989M08;2762;365;5.2;1730;702
1989M09;2884;362;5.1;1629;728
1989M10;2861;367;5.1;1585;752
1989M11;2591;394;5.5;1438;693
1989M12;2419;409;5.6;1455;711
1990M01;2367;410;5.2;1297;708
1990M02;2360;417;5.3;1397;780
1990M03;2626;393;5.1;1607;1062
1990M04;2686;374;5.1;1686;836
1990M05;2742;369;5.1;1775;826
1990M06;2585;352;4.9;1715;838
1990M07;2769;363;4.9;1637;875
1990M08;2957;395;5.0;1615;876
1990M09;3031;389;4.8;1538;839
1990M10;2744;381;4.4;1353;761
1990M11;2586;382;4.2;1278;701
1990M12;2485;377;4.1;1265;625
1991M01;2449;384;4.1;1206;600
1991M02;2449;364;3.7;1188;594
1991M03;2410;363;3.9;1199;603
1991M04;2472;358;4.0;1253;601
1991M05;2306;357;4.0;1091;555
1991M06;2219;367;4.4;1062;549
1991M07;2236;368;4.3;1063;548
1991M08;2233;356;4.0;1046;540
1991M09;2325;349;4.0;1023;540
1991M10;2364;359;4.1;992;522
1991M11;2380;360;4.1;1093;506
1991M12;2223;362;3.9;1188;532
1992M01;2139;354;4.1;1154;515
1992M02;2206;354;4.1;1131;505
1992M03;2227;344;4.1;1215;521
1992M04;2215;339;4.1;1304;533
1992M05;2217;337;4.1;1373;520
1992M06;2299;341;4.1;1385;548
1992M07;2520;353;4.0;1320;626
1992M08;2522;343;3.8;1360;655
1992M09;2414;345;3.8;1367;621
1992M10;2249;344;3.8;1164;537
1992M11;2158;335;3.8;1047;460
1992M12;2207;335;3.7;1058;455
1993M01;2257;329;3.7;1061;437
1993M02;2213;329;3.7;1072;414
1993M03;2153;330;3.6;996;406
1993M04;1950;342;4.0;1005;421
1993M05;1795;367;4.5;980;407
1993M06;1853;372;4.4;926;394
1993M07;1927;392;5.0;928;388
1993M08;1947;379;4.8;884;388
1993M09;1862;355;4.2;874;376
1993M10;1646;364;4.3;915;384
1993M11;1630;374;4.5;928;400
1993M12;1724;383;5.0;974;461
1994M01;1805;387;5.1;997;490
1994M02;1866;382;5.2;969;485
1994M03;1915;384;5.4;936;452
1994M04;1882;377;5.4;924;440
1994M05;2151;381;5.4;956;474
1994M06;2364;386;5.4;966;525
1994M07;2458;385;5.3;964;580
1994M08;2406;380;5.2;945;571
1994M09;2506;392;5.5;992;614
1994M10;2548;390;5.5;1059;642
1994M11;2802;384;5.2;1152;667
1994M12;2985;379;4.8;1114;634
1995M01;3009;379;4.8;1157;667
1995M02;2878;377;4.7;1032;580
1995M03;2924;382;4.6;1022;586
1995M04;2904;391;5.5;1061;609
1995M05;2773;385;5.6;1036;597
1995M06;2995;388;5.4;1010;612
1995M07;3076;386;5.2;1027;622
1995M08;3037;384;5.4;1014;624
1995M09;2916;383;5.4;986;593
1995M10;2814;383;5.4;979;639
1995M11;2977;385;5.3;1031;714
1995M12;2926;387;5.2;1018;732
1996M01;2616;399;5.5;1019;710
1996M02;2538;405;5.7;1036;770
1996M03;2561;396;5.5;1064;818
1996M04;2596;393;5.4;1045;815
1996M05;2658;392;5.4;1036;840
1996M06;2173;385;5.2;1009;797
1996M07;1986;383;5.1;1000;784
1996M08;2009;387;5.1;1007;816
1996M09;1941;383;5.0;1000;796
1996M10;1961;381;4.9;1003;742
1996M11;2231;378;4.8;1047;717
1996M12;2268;369;4.8;1036;689
1997M01;2435;355;4.8;1087;692
1997M02;2406;347;5.1;1179;660
1997M03;2421;352;5.2;1255;695
1997M04;2391;344;4.8;1240;643
1997M05;2514;344;4.7;1311;619
1997M06;2613;341;4.8;1354;615
1997M07;2450;324;4.4;1518;634
1997M08;2251;324;4.5;1654;608
1997M09;2107;323;4.7;1641;634
1997M10;2052;325;5.0;1280;600
1997M11;1917;306;5.1;1173;563
1997M12;1762;289;5.8;1102;527
1998M01;1688;289;5.9;1097;532
1998M02;1665;297;6.8;1044;516
1998M03;1748;296;6.2;1048;560
1998M04;1801;308;6.3;1097;573
1998M05;1733;299;5.6;1061;544
1998M06;1661;292;5.3;1010;528
1998M07;1651;293;5.5;1040;546
1998M08;1621;284;5.2;1030;537
1998M09;1648;289;5.0;1000;520
1998M10;1586;296;5.0;941;493
1998M11;1574;294;5.0;967;494
1998M12;1474;292;4.9;959;501
1999M01;1431;287;5.1;933;492
1999M02;1411;287;5.5;1017;514
1999M03;1378;286;5.2;1030;508
1999M04;1466;283;5.1;1019;519
1999M05;1511;276;5.3;1040;542
1999M06;1422;261;5.0;1001;496
1999M07;1640;256;5.2;1072;496
1999M08;1648;257;5.3;1131;503
1999M09;1750;265;5.2;1194;507
1999M10;1724;311;5.4;1149;497
1999M11;1728;293;5.2;1147;478
1999M12;1765;283;5.2;1184;479
2000M01;1844;284;5.2;1179;472
2000M02;1801;300;5.2;1095;452
2000M03;1739;286;5.1;1116;441
2000M04;1679;280;5.1;1128;421
2000M05;1786;275;5.0;1157;412
2000M06;1753;286;5.0;1118;420
2000M07;1799;282;5.0;1136;452
2000M08;1856;274;4.9;1170;473
2000M09;1960;274;4.9;1224;487
2000M10;1899;270;4.8;1096;486
2000M11;1795;266;4.7;1059;468
2000M12;1851;271;4.6;1060;462
2001M01;1788;265;4.7;1033;478
2001M02;1766;262;4.6;1021;502
2001M03;1739;263;4.4;1005;498
2001M04;1664;260;4.4;969;478
2001M05;1682;272;4.4;938;467
2001M06;1608;270;4.4;895;444
2001M07;1525;268;4.3;852;462
2001M08;1464;272;4.2;828;483
2001M09;1426;283;4.4;799;465
2001M10;1377;283;4.4;762;468
2001M11;1428;276;4.1;773;487
2001M12;1472;276;4.4;755;483
2002M01;1504;282;4.5;793;513
2002M02;1562;296;4.4;771;480
2002M03;1605;294;4.5;819;480
2002M04;1590;303;4.6;808;472
2002M05;1596;314;4.7;770;452
2002M06;1648;321;4.9;767;440
2002M07;1589;313;4.9;795;446
2002M08;1480;310;4.5;748;423
2002M09;1479;319;4.6;756;421
2002M10;1484;317;4.4;755;418
2002M11;1582;319;4.5;765;442
2002M12;1596;332;4.6;798;444
2003M01;1648;357;4.8;781;445
2003M02;1684;359;4.7;785;476
2003M03;1659;341;4.5;791;457
2003M04;1587;328;4.5;755;437
2003M05;1648;356;4.7;776;464
2003M06;1687;356;4.5;791;468
2003M07;1710;351;4.8;828;515
2003M08;1760;360;5.0;818;497
2003M09;1790;379;5.2;818;521
2003M10;1921;379;5.0;898;587
2003M11;2055;390;5.2;915;622
2003M12;2201;407;5.6;978;692
2004M01;2424;414;6.3;1017;758
2004M02;2760;405;6.4;1088;888
2004M03;3009;407;7.2;1106;886
2004M04;2949;403;7.1;1033;754
2004M05;2734;384;5.9;1028;809
2004M06;2687;392;5.9;1021;870
2004M07;2808;398;6.3;988;940
2004M08;2846;401;6.7;976;922
2004M09;2895;405;6.4;975;935
2004M10;3012;420;7.1;1065;933
2004M11;3123;439;7.5;1096;968
2004M12;3145;442;7.1;1180;975
2005M01;3170;424;6.6;1246;953
2005M02;3254;423;7.0;1326;978
2005M03;3379;434;7.2;1372;1004
2005M04;3394;429;7.1;1300;986
2005M05;3249;422;7.0;1244;988
2005M06;3524;431;7.3;1276;986
2005M07;3614;424;7.0;1194;854
2005M08;3798;438;7.0;1298;887
2005M09;3858;456;7.2;1398;933
2005M10;4060;470;7.7;1488;1005
2005M11;4269;477;7.9;1611;1018
2005M12;4577;510;8.6;1822;1124
2006M01;4734;550;9.1;2090;1256
2006M02;4982;555;9.5;2219;1277
2006M03;5103;557;10.4;2417;1192
2006M04;6388;611;12.6;3085;1170
2006M05;8046;675;13.4;3566;1167
2006M06;7198;596;10.8;3226;964
2006M07;7712;634;11.2;3340;1052
2006M08;7696;633;12.2;3347;1174
2006M09;7602;598;11.7;3403;1342
2006M10;7500;586;11.6;3823;1531
2006M11;7029;628;12.9;4382;1625
2006M12;6675;630;13.3;4405;1726
2007M01;5670;631;12.8;3787;1666
2007M02;5676;665;13.9;3310;1780
2007M03;6452;655;13.2;3271;1914
2007M04;7766;679;13.7;3557;2001
2007M05;7681;667;13.1;3831;2101
2007M06;7474;656;13.1;3603;2425
2007M07;7973;665;12.9;3546;3083
2007M08;7514;665;12.3;3253;3119
2007M09;7649;713;12.8;2881;3227
2007M10;8008;755;13.7;2975;3720
2007M11;6967;806;14.7;2541;3328
2007M12;6588;803;14.3;2353;2596
2008M01;7061;890;15.9;2340;2608
2008M02;7888;922;17.6;2438;3080
2008M03;8439;968;19.3;2511;3009
2008M04;8685;910;17.5;2264;2823
2008M05;8383;889;17.1;2182;2235
2008M06;8261;889;17.0;1894;1863
2008M07;8414;940;18.0;1852;1945
2008M08;7635;839;14.6;1723;1924
2008M09;6991;830;12.4;1735;1868
2008M10;4926;807;10.4;1302;1480
2008M11;3717;761;9.9;1153;1291
2008M12;3072;816;10.3;1101;963
2009M01;3221;859;11.3;1187;1133
2009M02;3315;943;13.4;1112;1101
2009M03;3750;924;13.1;1217;1239
2009M04;4407;890;12.5;1379;1383
2009M05;4569;929;14.0;1484;1440
2009M06;5014;946;14.7;1557;1674
2009M07;5216;934;13.4;1579;1679
2009M08;6165;949;14.4;1822;1900
2009M09;6196;997;16.4;1884;2205
2009M10;6288;1043;17.2;2072;2241
2009M11;6676;1127;17.8;2193;2309
2009M12;6982;1135;17.6;2376;2329
2010M01;7386;1118;17.7;2434;2368
2010M02;6848;1095;15.9;2157;2124
2010M03;7463;1113;17.1;2275;2172
2010M04;7745;1149;18.1;2367;2265
2010M05;6838;1205;18.4;1968;1883
2010M06;6499;1233;18.5;1743;1704
2010M07;6735;1193;18.0;1844;1837
2010M08;7284;1216;18.4;2045;2075
2010M09;7709;1271;20.5;2151;2184
2010M10;8292;1342;23.4;2372;2380
2010M11;8470;1370;26.5;2292;2377
2010M12;9147;1391;29.3;2281;2413
2011M01;9556;1360;28.5;2372;2602
2011M02;9868;1375;30.8;2465;2587
2011M03;9503;1423;35.8;2341;2624
2011M04;9493;1481;42.7;2362;2701
2011M05;8960;1513;37.3;2167;2428
2011M06;9067;1529;35.8;2234;2525
2011M07;9650;1573;37.9;2398;2681
2011M08;9001;1759;40.3;2200;2397
2011M09;8300;1772;38.2;2075;2288
2011M10;7394;1666;32.0;1871;1960
2011M11;7581;1739;33.1;1935;1994
2011M12;7565;1640;30.3;1905;2022
2012M01;8040;1654;30.7;1982;2096
2012M02;8441;1745;34.1;2058;2121
2012M03;8471;1676;33.0;2036;2057
2012M04;8289;1649;31.5;2002;2071
2012M05;7956;1589;28.7;1936;2013
2012M06;7423;1599;28.0;1859;1854
2012M07;7584;1594;27.4;1848;1881
2012M08;7516;1630;28.8;1818;1901
2012M09;8088;1745;33.6;2010;2178
2012M10;8062;1747;33.2;1904;2142
2012M11;7711;1722;32.8;1912;2182
2012M12;7966;1685;31.9;2040;2280
2013M01;8047;1672;31.1;2032;2334
2013M02;8061;1628;30.3;2129;2366
2013M03;7646;1593;28.8;1926;2169
2013M04;7234;1488;25.4;1856;2027
2013M05;7249;1414;23.0;1832;2033
2013M06;7000;1343;21.1;1839;2100
2013M07;6907;1286;19.7;1838;2048
2013M08;7193;1352;21.9;1899;2174
2013M09;7159;1349;22.6;1847;2085
2013M10;7203;1317;21.9;1885;2115
2013M11;7071;1276;20.8;1866;2090
2013M12;7215;1222;19.7;1975;2137
2014M01;7291;1244;19.9;2037;2143
2014M02;7149;1300;20.8;2035;2108
2014M03;6650;1336;20.7;2008;2053
2014M04;6674;1298;19.7;2027;2087
2014M05;6891;1289;19.3;2059;2097
2014M06;6821;1279;19.9;2128;2107
2014M07;7113;1311;20.9;2311;2193
2014M08;7002;1295;19.7;2327;2237
2014M09;6872;1237;18.4;2295;2117
2014M10;6737;1222;17.2;2277;2034
2014M11;6713;1175;16.0;2253;2030
2014M12;6446;1201;16.3;2176;1938
2015M01;5831;1251;17.2;2113;1843
2015M02;5729;1227;16.8;2098;1796
2015M03;5940;1179;16.2;2029;1792
2015M04;6042;1199;16.3;2213;2005
2015M05;6295;1199;16.8;2282;1992
2015M06;5833;1182;16.1;2082;1830
2015M07;5457;1128;15.1;2001;1763
2015M08;5127;1118;14.9;1808;1704
2015M09;5217;1125;14.8;1720;1684
2015M10;5216;1159;15.8;1724;1720
2015M11;4800;1086;14.5;1583;1618
2015M12;4639;1076;14.1;1528;1707
2016M01;4472;1098;14.1;1520;1646
2016M02;4599;1200;15.2;1710;1766
2016M03;4954;1245;15.5;1802;1802
2016M04;4873;1242;16.4;1855;1732
2016M05;4695;1261;16.9;1869;1708
2016M06;4642;1276;17.3;2026;1713
2016M07;4865;1337;20.0;2183;1835
2016M08;4752;1340;19.6;2279;1836
2016M09;4722;1327;19.4;2292;1948
2016M10;4731;1267;17.7;2312;2024
2016M11;5451;1238;17.4;2566;2181
2016M12;5660;1157;16.4;2665;2210
2017M01;5755;1192;16.9;2715;2243
2017M02;5941;1234;17.9;2846;2312
2017M03;5825;1231;17.6;2777;2281
2017M04;5684;1267;18.0;2615;2221
2017M05;5600;1246;16.7;2590;2125
2017M06;5720;1260;16.9;2573;2133
2017M07;5985;1237;16.2;2787;2270
2017M08;6486;1283;17.0;2981;2348
2017M09;6577;1314;17.4;3117;2374
2017M10;6808;1280;16.9;3265;2498
2017M11;6827;1282;17.0;3229;2461
2017M12;6834;1264;16.2;3196;2510
2018M01;7066;1331;17.1;3442;2584
2018M02;7007;1331;16.6;3533;2581
2018M03;6799;1325;16.5;3269;2390
2018M04;6852;1335;16.6;3188;2352
2018M05;6825;1303;16.5;3060;2361
2018M06;6966;1282;16.5;3089;2436
2018M07;6251;1238;15.7;2656;2207
2018M08;6051;1202;15.0;2512;2054
2018M09;6051;1198;14.3;2435;2023
2018M10;6220;1215;14.6;2674;1988
2018M11;6196;1221;14.4;2596;1937
2018M12;6075;1250;14.8;2616;1972
2019M01;5939;1292;15.6;2570;1997
2019M02;6300;1320;15.8;2707;2063
2019M03;6439;1301;15.3;2851;2046
2019M04;6438;1286;15.1;2933;1939
2019M05;6018;1284;14.7;2743;1815
2019M06;5882;1359;15.0;2601;1900
2019M07;5941;1413;15.8;2447;1976
2019M08;5709;1500;17.2;2273;2045
2019M09;5759;1511;18.2;2332;2072
2019M10;5757;1495;17.6;2452;2184
2019M11;5860;1471;17.2;2425;2021
2019M12;6077;1479;17.1;2273;1901
2020M01;6031;1561;18.0;2354;1924
2020M02;5688;1597;17.9;2113;1873
2020M03;5183;1592;14.9;1904;1734
2020M04;5058;1683;15.1;1903;1658
2020M05;5240;1716;16.3;1975;1626
2020M06;5755;1732;17.7;2026;1745
2020M07;6372;1847;20.6;2177;1818
2020M08;6499;1969;27.0;2410;1936
2020M09;6705;1922;25.7;2442;1873
2020M10;6714;1900;24.2;2441;1776
2020M11;7069;1866;24.1;2672;1916
2020M12;7772;1858;25.0;2780;2020
2021M01;7972;1867;25.9;2705;2015
2021M02;8471;1808;27.3;2745;2080
2021M03;8988;1718;25.6;2792;1948
2021M04;9325;1760;25.7;2829;2012
2021M05;10162;1850;27.5;2966;2182
2021M06;9632;1835;27.0;2952;2191
2021M07;9451;1808;25.7;2948;2338
2021M08;9370;1785;24.0;2988;2414
2021M09;9325;1775;23.2;3036;2248
2021M10;9829;1777;23.4;3360;2345
2021M11;9729;1822;24.2;3311;2330
2021M12;9551;1790;22.5;3399;2302
2022M01;9782;1816;23.2;3599;2332
2022M02;9943;1856;23.5;3620;2297
2022M03;10231;1948;25.3;3962;2345
2022M04;10161;1937;24.5;4360;2380
2022M05;9377;1849;21.9;3751;2142
2022M06;9024;1837;21.6;3630;2066
2022M07;7545;1733;19.1;3105;1985
2022M08;7982;1765;19.7;3588;2073
2022M09;7746;1681;18.9;3125;1870
2022M10;7651;1664;19.4;2967;2000
2022M11;8050;1725;21.0;2939;2100
2022M12;8375;1798;23.3;3129;2216
2023M01;9038;1898;23.7;3310;2201
2023M02;8937;1855;21.9;3134;2093
2023M03;8856;1913;22.0;2967;2115
2023M04;8809;2000;25.0;2768;2149
2023M05;8217;1992;24.3;2476;2084
2023M06;8397;1943;23.4;2375;2123
2023M07;8477;1951;24.3;2405;2109
2023M08;8349;1919;23.4;2407;2154
2023M09;8277;1916;23.1;2496;2252
2023M10;7937;1916;22.4;2449;2134
2023M11;8190;1984;23.5;2544;2188
2023M12;8400;2026;23.9;2502;2027
2024M01;8339;2034;22.9;2515;2086
2024M02;8305;2023;22.7;2360;2080
2024M03;8689;2158;24.5;2461;2056
2024M04;9464;2331;27.5;2733;2129
2024M05;10139;2351;29.4;2959;2221
2024M06;9648;2326;29.6;2809;2147
2024M07;9385;2398;29.8;2777;2107
2024M08;8972;2470;28.5;2714;1995
2024M09;9237;2571;30.1;2837;2000
2024M10;9534;2690;32.4;3106;2034
2024M11;9076;2651;31.1;3004;1988
2024M12;8916;2648;30.8;3034;1990
2025M01;8991;2710;30.4;2819;1921
2025M02;9331;2895;32.2;2800;1957
2025M03;9740;2983;33.2;2889;2033
2025M04;9177;3218;32.2;2622;1903
2025M05;9533;3309;32.8;2644;1958
2025M06;9835;3353;36.0;2655;1974
2025M07;9771;3340;37.7;2763;1993
2025M08;9670;3368;38.2;2789;1947
2025M09;9984;3668;42.8;2933;1955
2025M10;10740;4058;49.4;3152;1968
2025M11;10812;4087;50.4;3177;1998
2025M12;11785;4309;62.3;3168;1940
2026M01;13012;4753;92.1;3213;1995
2026M02;12951;5020;81.9;3324;1917
2026M03;12529;4856;77.9;3182;1878
2026M04;12951;4721;75.9;3364;1930
2026M05;13543;4587;78.0;3482;1991
2026M06;13552;4228;66.7;3539;1946
2026M07;13543;4073;58.8;3599;1842
2026M08;14326;4411;65.4;3875;1855
